Model,Input,N_transitions,Accuracy,MacroF1
Markov,RRC-only,104,0.0,0.0
LSTM,traffic,4851,0.6167800453514739,0.5665064196931832
1D-CNN,traffic,4851,0.68418882704597,0.6783969465648856
RandomForest,traffic,4851,0.6637806637806638,0.64035725810297
LSTM,RRC+traffic,908,0.9966960352422908,0.9966959991752127
1D-CNN,RRC+traffic,908,0.8182819383259912,0.8123833030907541
RandomForest,RRC+traffic,908,0.9933920704845814,0.9933920704845814
